[
  {
    "First Name": "John",
    "Last Name": "Smith",
    "Member": "Y",
    "Car Type": "Sedan",
    "Car Manufacturer": "Jaguar",
    "Car Number": "GJ-01-AB-1234"
  },
  {
    "First Name": "Sarah",
    "Last Name": "Johnson",
    "Member": "Y",
    "Car Type": "SUV",
    "Car Manufacturer": "Jaguar",
    "Car Number": "GJ-02-CD-5678"
  },
  {
    "First Name": "Michael",
    "Last Name": "Brown",
    "Member": "Y",
    "Car Type": "Coupe",
    "Car Manufacturer": "Jaguar",
    "Car Number": "GJ-03-EF-9012"
  },
  {
    "First Name": "Emily",
    "Last Name": "Davis",
    "Member": "Y",
    "Car Type": "Convertible",
    "Car Manufacturer": "Jaguar",
    "Car Number": "GJ-04-GH-3456"
  },
  {
    "First Name": "David",
    "Last Name": "Wilson",
    "Member": "Y",
    "Car Type": "Sedan",
    "Car Manufacturer": "Jaguar",
    "Car Number": "GJ-05-IJ-7890"
  },
  {
    "First Name": "Lisa",
    "Last Name": "Anderson",
    "Member": "Y",
    "Car Type": "SUV",
    "Car Manufacturer": "Jaguar",
    "Car Number": "GJ-06-KL-2345"
  },
  {
    "First Name": "Robert",
    "Last Name": "Taylor",
    "Member": "Y",
    "Car Type": "Sports Car",
    "Car Manufacturer": "Jaguar",
    "Car Number": "GJ-07-MN-6789"
  },
  {
    "First Name": "Jennifer",
    "Last Name": "Thomas",
    "Member": "Y",
    "Car Type": "Sedan",
    "Car Manufacturer": "Jaguar",
    "Car Number": "GJ-08-OP-0123"
  },
  {
    "First Name": "William",
    "Last Name": "Jackson",
    "Member": "Y",
    "Car Type": "Coupe",
    "Car Manufacturer": "Jaguar",
    "Car Number": "GJ-09-QR-4567"
  },
  {
    "First Name": "Jessica",
    "Last Name": "White",
    "Member": "Y",
    "Car Type": "SUV",
    "Car Manufacturer": "Jaguar",
    "Car Number": "GJ-10-ST-8901"
  },
  {
    "First Name": "Christopher",
    "Last Name": "Harris",
    "Member": "Y",
    "Car Type": "Convertible",
    "Car Manufacturer": "Jaguar",
    "Car Number": "GJ-11-UV-2345"
  },
  {
    "First Name": "Amanda",
    "Last Name": "Martin",
    "Member": "Y",
    "Car Type": "Sedan",
    "Car Manufacturer": "Jaguar",
    "Car Number": "GJ-12-WX-6789"
  },
  {
    "First Name": "Matthew",
    "Last Name": "Garcia",
    "Member": "Y",
    "Car Type": "Sports Car",
    "Car Manufacturer": "Jaguar",
    "Car Number": "GJ-13-YZ-0123"
  },
  {
    "First Name": "Ashley",
    "Last Name": "Rodriguez",
    "Member": "Y",
    "Car Type": "SUV",
    "Car Manufacturer": "Jaguar",
    "Car Number": "GJ-14-AB-4567"
  },
  {
    "First Name": "Daniel",
    "Last Name": "Lewis",
    "Member": "Y",
    "Car Type": "Coupe",
    "Car Manufacturer": "Jaguar",
    "Car Number": "GJ-15-CD-8901"
  },
  {
    "First Name": "Stephanie",
    "Last Name": "Lee",
    "Member": "Y",
    "Car Type": "Sedan",
    "Car Manufacturer": "Jaguar",
    "Car Number": "GJ-16-EF-2345"
  },
  {
    "First Name": "Kevin",
    "Last Name": "Walker",
    "Member": "Y",
    "Car Type": "Convertible",
    "Car Manufacturer": "Jaguar",
    "Car Number": "GJ-17-GH-6789"
  },
  {
    "First Name": "Michelle",
    "Last Name": "Hall",
    "Member": "Y",
    "Car Type": "SUV",
    "Car Manufacturer": "Jaguar",
    "Car Number": "GJ-18-IJ-0123"
  },
  {
    "First Name": "Ryan",
    "Last Name": "Allen",
    "Member": "Y",
    "Car Type": "Sports Car",
    "Car Manufacturer": "Jaguar",
    "Car Number": "GJ-19-KL-4567"
  },
  {
    "First Name": "Nicole",
    "Last Name": "Young",
    "Member": "Y",
    "Car Type": "Sedan",
    "Car Manufacturer": "Jaguar",
    "Car Number": "GJ-20-MN-8901"
  },
  {
    "First Name": "Mark",
    "Last Name": "King",
    "Member": "N",
    "Car Type": "Sedan",
    "Car Manufacturer": "BMW",
    "Car Number": "GJ-21-OP-2345"
  },
  {
    "First Name": "Rachel",
    "Last Name": "Wright",
    "Member": "N",
    "Car Type": "SUV",
    "Car Manufacturer": "Audi",
    "Car Number": "GJ-22-QR-6789"
  },
  {
    "First Name": "Andrew",
    "Last Name": "Lopez",
    "Member": "N",
    "Car Type": "Coupe",
    "Car Manufacturer": "Mercedes",
    "Car Number": "GJ-23-ST-0123"
  },
  {
    "First Name": "Lauren",
    "Last Name": "Hill",
    "Member": "N",
    "Car Type": "Sedan",
    "Car Manufacturer": "BMW",
    "Car Number": "GJ-24-UV-4567"
  },
  {
    "First Name": "Jonathan",
    "Last Name": "Green",
    "Member": "N",
    "Car Type": "SUV",
    "Car Manufacturer": "Audi",
    "Car Number": "GJ-25-WX-8901"
  },
  {
    "First Name": "Samantha",
    "Last Name": "Adams",
    "Member": "Y",
    "Car Type": "Estate",
    "Car Manufacturer": "Jaguar",
    "Car Number": "GJ-26-YZ-2345"
  },
  {
    "First Name": "Brandon",
    "Last Name": "Baker",
    "Member": "Y",
    "Car Type": "Saloon",
    "Car Manufacturer": "Jaguar",
    "Car Number": "GJ-27-AB-6789"
  },
  {
    "First Name": "Megan",
    "Last Name": "Gonzalez",
    "Member": "Y",
    "Car Type": "Hatchback",
    "Car Manufacturer": "Jaguar",
    "Car Number": "GJ-28-CD-0123"
  },
  {
    "First Name": "Tyler",
    "Last Name": "Nelson",
    "Member": "Y",
    "Car Type": "Wagon",
    "Car Manufacturer": "Jaguar",
    "Car Number": "GJ-29-EF-4567"
  },
  {
    "First Name": "Brittany",
    "Last Name": "Carter",
    "Member": "Y",
    "Car Type": "Crossover",
    "Car Manufacturer": "Jaguar",
    "Car Number": "GJ-30-GH-8901"
  }
]